{"cameraMode":{"drawMode":0,"name":"Shaded","section":"Shading Mode"},"sceneLighting":false,"audioPlay":false,"sceneViewState":{"showFog":true,"showMaterialUpdate":false,"showSkybox":false,"showFlares":true,"showImageEffects":true,"showParticleSystems":true},"in2DMode":false,"pivot":{"x":-0.9080100059509277,"y":-4.706965923309326,"z":-0.11905241012573242},"rotation":{"x":0.006310238968580961,"y":-0.010193660855293274,"z":0.00007113146421033889,"w":0.9999677538871765},"size":2.940878391265869,"orthographic":false}